"S1-20151103-181108-158-1524E_S1-20151103-191120-752-0963E","jackchow1985","jackchow1985-FX","USDCNH","100000","6.3532","6.3465","-670","-105.57","Tue Nov 03 2015 19:11:21 GMT+0800 (CST)","Tue Nov 03 2015 00:00:00 GMT+0800 (CST)","Prod.EB.S1"
"S1-20151103-181119-013-1287E_S1-20151103-191120-752-0963E","jackchow1985","jackchow1985-FX","USDCNH","100000","6.3532","6.3465","-670","-105.57","Tue Nov 03 2015 19:11:21 GMT+0800 (CST)","Tue Nov 03 2015 00:00:00 GMT+0800 (CST)","Prod.EB.S1"
"S1-20151103-181125-106-0730E_S1-20151103-191120-752-0963E","jackchow1985","jackchow1985-FX","USDCNH","100000","6.3532","6.3465","-670","-105.57","Tue Nov 03 2015 19:11:21 GMT+0800 (CST)","Tue Nov 03 2015 00:00:00 GMT+0800 (CST)","Prod.EB.S1"
"S1-20151103-191125-081-1775E_S1-20151104-232957-261-0903E","jackchow1985","jackchow1985-FX","USDCNH","100000","6.35195","6.3465","-545","-85.80245","Wed Nov 04 2015 23:29:57 GMT+0800 (CST)","Wed Nov 04 2015 00:00:00 GMT+0800 (CST)","Prod.EB.S1"
"S1-20151103-191128-292-2041E_S1-20151105-082514-200-0209E","jackchow1985","jackchow1985-FX","USDCNH","100000","6.3577","6.3465","-1120","-176.17958","Thu Nov 05 2015 08:25:14 GMT+0800 (CST)","Thu Nov 05 2015 00:00:00 GMT+0800 (CST)","Prod.EB.S1"
"S1-20151103-191131-700-2055E_S1-20151105-082514-200-0209E","jackchow1985","jackchow1985-FX","USDCNH","100000","6.3577","6.3465","-1120","-176.17958","Thu Nov 05 2015 08:25:14 GMT+0800 (CST)","Thu Nov 05 2015 00:00:00 GMT+0800 (CST)","Prod.EB.S1"
"S1-20151103-191132-791-1809E_S1-20151105-082514-200-0209E","jackchow1985","jackchow1985-FX","USDCNH","100000","6.3577","6.3465","-1120","-176.17958","Thu Nov 05 2015 08:25:14 GMT+0800 (CST)","Thu Nov 05 2015 00:00:00 GMT+0800 (CST)","Prod.EB.S1"
"S1-20151103-191134-600-1635E_S1-20151105-082514-200-0209E","jackchow1985","jackchow1985-FX","USDCNH","100000","6.3577","6.3465","-1120","-176.17958","Thu Nov 05 2015 08:25:14 GMT+0800 (CST)","Thu Nov 05 2015 00:00:00 GMT+0800 (CST)","Prod.EB.S1"
"S1-20151103-191135-645-0941E_S1-20151105-082514-200-0209E","jackchow1985","jackchow1985-FX","USDCNH","100000","6.3577","6.3465","-1120","-176.17958","Thu Nov 05 2015 08:25:14 GMT+0800 (CST)","Thu Nov 05 2015 00:00:00 GMT+0800 (CST)","Prod.EB.S1"
"S1-20151103-191136-450-2027E_S1-20151105-082514-200-0209E","jackchow1985","jackchow1985-FX","USDCNH","100000","6.3577","6.3465","-1120","-176.17958","Thu Nov 05 2015 08:25:14 GMT+0800 (CST)","Thu Nov 05 2015 00:00:00 GMT+0800 (CST)","Prod.EB.S1"
"S1-20151103-191137-361-1346E_S1-20151105-082514-200-0209E","jackchow1985","jackchow1985-FX","USDCNH","100000","6.3577","6.3465","-1120","-176.17958","Thu Nov 05 2015 08:25:14 GMT+0800 (CST)","Thu Nov 05 2015 00:00:00 GMT+0800 (CST)","Prod.EB.S1"
"S1-20151103-191138-210-1238E_S1-20151105-082514-200-0209E","jackchow1985","jackchow1985-FX","USDCNH","100000","6.3577","6.3465","-1120","-176.17958","Thu Nov 05 2015 08:25:14 GMT+0800 (CST)","Thu Nov 05 2015 00:00:00 GMT+0800 (CST)","Prod.EB.S1"
"S1-20151103-191139-130-0501E_S1-20151105-082514-200-0209E","jackchow1985","jackchow1985-FX","USDCNH","100000","6.3577","6.3465","-1120","-176.17958","Thu Nov 05 2015 08:25:14 GMT+0800 (CST)","Thu Nov 05 2015 00:00:00 GMT+0800 (CST)","Prod.EB.S1"
"S1-20151103-191140-490-0925E_S1-20151105-082514-200-0209E","jackchow1985","jackchow1985-FX","USDCNH","100000","6.3577","6.3465","-1120","-176.17958","Thu Nov 05 2015 08:25:14 GMT+0800 (CST)","Thu Nov 05 2015 00:00:00 GMT+0800 (CST)","Prod.EB.S1"
"S1-20151103-191147-021-0077E_S1-20151105-082514-200-0209E","jackchow1985","jackchow1985-FX","USDCNH","100000","6.3577","6.3465","-1120","-176.17958","Thu Nov 05 2015 08:25:14 GMT+0800 (CST)","Thu Nov 05 2015 00:00:00 GMT+0800 (CST)","Prod.EB.S1"
"S1-20151103-191149-032-0728E_S1-20151105-082514-200-0209E","jackchow1985","jackchow1985-FX","USDCNH","100000","6.3577","6.3465","-1120","-176.17958","Thu Nov 05 2015 08:25:14 GMT+0800 (CST)","Thu Nov 05 2015 00:00:00 GMT+0800 (CST)","Prod.EB.S1"
"S1-20151103-191150-410-0418E_S1-20151105-082514-200-0209E","jackchow1985","jackchow1985-FX","USDCNH","100000","6.3577","6.3465","-1120","-176.17958","Thu Nov 05 2015 08:25:14 GMT+0800 (CST)","Thu Nov 05 2015 00:00:00 GMT+0800 (CST)","Prod.EB.S1"
"S1-20151103-191152-010-0852E_S1-20151105-082514-200-0209E","jackchow1985","jackchow1985-FX","USDCNH","100000","6.3577","6.3465","-1120","-176.17958","Thu Nov 05 2015 08:25:14 GMT+0800 (CST)","Thu Nov 05 2015 00:00:00 GMT+0800 (CST)","Prod.EB.S1"
"S1-20151104-000638-110-0325E_S1-20151104-005444-171-1397E","jackchow1985","jackchow1985-FX","USDJPY","100000","121.16","121.195","3500","28.87789","Wed Nov 04 2015 00:54:44 GMT+0800 (CST)","Tue Nov 03 2015 00:00:00 GMT+0800 (CST)","Prod.EB.S1"
"S1-20151104-000643-354-1086E_S1-20151105-161542-568-0891E","jackchow1985","jackchow1985-FX","USDCHF","100000","0.99085","0.99655","570","571.91592","Thu Nov 05 2015 16:15:43 GMT+0800 (CST)","Thu Nov 05 2015 00:00:00 GMT+0800 (CST)","Prod.EB.S1"
"S1-20151104-000752-827-2134E_S1-20151104-093447-052-1126E","jackchow1985","jackchow1985-FX","EURJPY","100000","132.675","132.78","10500","86.57295","Wed Nov 04 2015 09:34:47 GMT+0800 (CST)","Wed Nov 04 2015 00:00:00 GMT+0800 (CST)","Prod.EB.S1"
"S1-20151104-000759-313-0688E_S1-20151105-161534-944-2049E","jackchow1985","jackchow1985-FX","GBPUSD","100000","1.53885","1.54005","120","120","Thu Nov 05 2015 16:15:35 GMT+0800 (CST)","Thu Nov 05 2015 00:00:00 GMT+0800 (CST)","Prod.EB.S1"
"S1-20151105-121151-436-1446E_S1-20151105-192754-049-0825E","jackchow1985","jackchow1985-FX","USDCNH","320000","6.3638","6.375","3584","562.18726","Thu Nov 05 2015 19:27:54 GMT+0800 (CST)","Thu Nov 05 2015 00:00:00 GMT+0800 (CST)","Prod.EB.S1"
"S1-20151105-121211-500-0417E_S1-20151105-192754-049-0825E","jackchow1985","jackchow1985-FX","USDCNH","3200000","6.3638","6.375","35840","5621.8726","Thu Nov 05 2015 19:27:54 GMT+0800 (CST)","Thu Nov 05 2015 00:00:00 GMT+0800 (CST)","Prod.EB.S1"
"S1-20151105-194124-250-1454E_S1-20151106-203948-959-0733E","jackchow1985","jackchow1985-FX","USDJPY","100000","121.935","121.91","-2500","-20.50693","Fri Nov 06 2015 20:39:49 GMT+0800 (CST)","Fri Nov 06 2015 00:00:00 GMT+0800 (CST)","Prod.EB.S1"
"S1-20151105-194452-215-2300E_S1-20151106-093418-231-1087E","jackchow1985","jackchow1985-FX","NZDUSD","100000","0.66085","0.6614","55","55","Fri Nov 06 2015 09:34:18 GMT+0800 (CST)","Fri Nov 06 2015 00:00:00 GMT+0800 (CST)","Prod.EB.S1"
"S1-20151105-194500-426-1286E_S1-20151106-093418-231-1087E","jackchow1985","jackchow1985-FX","NZDUSD","100000","0.66085","0.66145","60","60","Fri Nov 06 2015 09:34:18 GMT+0800 (CST)","Fri Nov 06 2015 00:00:00 GMT+0800 (CST)","Prod.EB.S1"
"S1-20151105-194502-786-2228E_S1-20151106-093418-231-1087E","jackchow1985","jackchow1985-FX","NZDUSD","100000","0.66085","0.6615","65","65","Fri Nov 06 2015 09:34:18 GMT+0800 (CST)","Fri Nov 06 2015 00:00:00 GMT+0800 (CST)","Prod.EB.S1"
"S1-20151105-194505-706-0917E_S1-20151106-093418-231-1087E","jackchow1985","jackchow1985-FX","NZDUSD","100000","0.66085","0.6615","65","65","Fri Nov 06 2015 09:34:18 GMT+0800 (CST)","Fri Nov 06 2015 00:00:00 GMT+0800 (CST)","Prod.EB.S1"
"S1-20151105-194510-427-0975E_S1-20151106-093418-231-1087E","jackchow1985","jackchow1985-FX","NZDUSD","100000","0.66085","0.66145","60","60","Fri Nov 06 2015 09:34:18 GMT+0800 (CST)","Fri Nov 06 2015 00:00:00 GMT+0800 (CST)","Prod.EB.S1"
"S1-20151106-100558-126-1153E_S1-20151107-001549-562-0487E","jackchow1985","jackchow1985-FX","USDCNH","100000","6.37655","6.3883","1175","183.92424","Sat Nov 07 2015 00:15:50 GMT+0800 (CST)","Fri Nov 06 2015 00:00:00 GMT+0800 (CST)","Prod.EB.S1"
"S1-20151106-100559-484-1945E_S1-20151107-001549-562-0487E","jackchow1985","jackchow1985-FX","USDCNH","100000","6.37655","6.3883","1175","183.92424","Sat Nov 07 2015 00:15:50 GMT+0800 (CST)","Fri Nov 06 2015 00:00:00 GMT+0800 (CST)","Prod.EB.S1"
"S1-20151106-100600-621-2029E_S1-20151107-001549-562-0487E","jackchow1985","jackchow1985-FX","USDCNH","100000","6.37655","6.3883","1175","183.92424","Sat Nov 07 2015 00:15:50 GMT+0800 (CST)","Fri Nov 06 2015 00:00:00 GMT+0800 (CST)","Prod.EB.S1"
"S1-20151106-162129-669-2479E_S1-20151107-001549-562-0487E","jackchow1985","jackchow1985-FX","USDCNH","100000","6.37","6.3883","1830","286.45222","Sat Nov 07 2015 00:15:50 GMT+0800 (CST)","Fri Nov 06 2015 00:00:00 GMT+0800 (CST)","Prod.EB.S1"
"S1-20151106-162131-193-2152E_S1-20151107-001549-562-0487E","jackchow1985","jackchow1985-FX","USDCNH","100000","6.37","6.3883","1830","286.45222","Sat Nov 07 2015 00:15:50 GMT+0800 (CST)","Fri Nov 06 2015 00:00:00 GMT+0800 (CST)","Prod.EB.S1"
"S1-20151106-162132-365-1002E_S1-20151107-001549-562-0487E","jackchow1985","jackchow1985-FX","USDCNH","100000","6.37","6.3883","1830","286.45222","Sat Nov 07 2015 00:15:50 GMT+0800 (CST)","Fri Nov 06 2015 00:00:00 GMT+0800 (CST)","Prod.EB.S1"
"S1-20151106-162138-115-2498E_S1-20151107-001549-562-0487E","jackchow1985","jackchow1985-FX","USDCNH","100000","6.37","6.3883","1830","286.45222","Sat Nov 07 2015 00:15:50 GMT+0800 (CST)","Fri Nov 06 2015 00:00:00 GMT+0800 (CST)","Prod.EB.S1"
"S1-20151106-230800-147-1151E_S1-20151112-020002-426-2428E","jackchow1985","jackchow1985-FX","USDCAD","100000","1.3283","1.32785","-45","-33.88937","Thu Nov 12 2015 02:00:02 GMT+0800 (CST)","Wed Nov 11 2015 00:00:00 GMT+0800 (CST)","Prod.EB.S1"
"S1-20151106-230802-244-0869E_S1-20151112-020002-426-2428E","jackchow1985","jackchow1985-FX","USDCAD","100000","1.32835","1.32785","-50","-37.65486","Thu Nov 12 2015 02:00:02 GMT+0800 (CST)","Wed Nov 11 2015 00:00:00 GMT+0800 (CST)","Prod.EB.S1"
"S1-20151106-230806-619-0202E_S1-20151112-020002-425-2143E","jackchow1985","jackchow1985-FX","USDCHF","100000","1.00325","1.00535","210","208.85132","Thu Nov 12 2015 02:00:02 GMT+0800 (CST)","Wed Nov 11 2015 00:00:00 GMT+0800 (CST)","Prod.EB.S1"
"S1-20151106-230820-043-1810E_S1-20151112-020002-427-2067E","jackchow1985","jackchow1985-FX","GBPUSD","100000","1.51985","1.50795","-1190","-1190","Thu Nov 12 2015 02:00:02 GMT+0800 (CST)","Wed Nov 11 2015 00:00:00 GMT+0800 (CST)","Prod.EB.S1"
"S1-20151110-142609-511-0226E_S1-20151112-020002-432-2262E","jackchow1985","jackchow1985-FX","USDCNH","100000","6.3907","6.3912","50","7.82289","Thu Nov 12 2015 02:00:02 GMT+0800 (CST)","Wed Nov 11 2015 00:00:00 GMT+0800 (CST)","Prod.EB.S1"
"S1-20151110-142614-033-1961E_S1-20151112-020002-427-2063E","jackchow1985","jackchow1985-FX","USDJPY","100000","123.3","122.955","-34500","-280.59046","Thu Nov 12 2015 02:00:02 GMT+0800 (CST)","Wed Nov 11 2015 00:00:00 GMT+0800 (CST)","Prod.EB.S1"
"S1-20151110-142619-292-2251E_S1-20151112-020002-432-2256E","jackchow1985","jackchow1985-FX","EURUSD","100000","1.0729","1.0744","150","150","Thu Nov 12 2015 02:00:02 GMT+0800 (CST)","Wed Nov 11 2015 00:00:00 GMT+0800 (CST)","Prod.EB.S1"
"S1-20151110-142622-551-1404E_S1-20151112-020002-432-2266E","jackchow1985","jackchow1985-FX","AUDUSD","100000","0.7051","0.70515","5","5","Thu Nov 12 2015 02:00:02 GMT+0800 (CST)","Wed Nov 11 2015 00:00:00 GMT+0800 (CST)","Prod.EB.S1"
"S1-20151110-142626-270-2418E_S1-20151112-003843-413-0217E","jackchow1985","jackchow1985-FX","GBPJPY","100000","186.31","186.96","65000","528.77771","Thu Nov 12 2015 00:38:43 GMT+0800 (CST)","Wed Nov 11 2015 00:00:00 GMT+0800 (CST)","Prod.EB.S1"
"S1-20151112-182500-386-1595E_S1-20151113-001250-011-1827E","jackchow1985","jackchow1985-FX","USDCNH","100000","6.3941","6.3966","250","39.09854","Fri Nov 13 2015 00:12:50 GMT+0800 (CST)","Thu Nov 12 2015 00:00:00 GMT+0800 (CST)","Prod.EB.S1"
"S1-20151112-182502-995-1159E_S1-20151113-001250-011-1827E","jackchow1985","jackchow1985-FX","USDCNH","100000","6.3941","6.3966","250","39.09854","Fri Nov 13 2015 00:12:50 GMT+0800 (CST)","Thu Nov 12 2015 00:00:00 GMT+0800 (CST)","Prod.EB.S1"
"S1-20151112-182504-151-1680E_S1-20151113-001250-011-1827E","jackchow1985","jackchow1985-FX","USDCNH","100000","6.3941","6.3966","250","39.09854","Fri Nov 13 2015 00:12:50 GMT+0800 (CST)","Thu Nov 12 2015 00:00:00 GMT+0800 (CST)","Prod.EB.S1"
"S1-20151112-182505-158-1017E_S1-20151113-001250-011-1827E","jackchow1985","jackchow1985-FX","USDCNH","100000","6.3941","6.3966","250","39.09854","Fri Nov 13 2015 00:12:50 GMT+0800 (CST)","Thu Nov 12 2015 00:00:00 GMT+0800 (CST)","Prod.EB.S1"
"S1-20151112-182506-241-0077E_S1-20151113-001250-011-1827E","jackchow1985","jackchow1985-FX","USDCNH","100000","6.3941","6.3966","250","39.09854","Fri Nov 13 2015 00:12:50 GMT+0800 (CST)","Thu Nov 12 2015 00:00:00 GMT+0800 (CST)","Prod.EB.S1"
"S1-20151112-182507-164-1197E_S1-20151113-001250-011-1827E","jackchow1985","jackchow1985-FX","USDCNH","100000","6.3941","6.3966","250","39.09854","Fri Nov 13 2015 00:12:50 GMT+0800 (CST)","Thu Nov 12 2015 00:00:00 GMT+0800 (CST)","Prod.EB.S1"
"S1-20151112-182508-155-1803E_S1-20151113-001250-011-1827E","jackchow1985","jackchow1985-FX","USDCNH","100000","6.3941","6.3966","250","39.09854","Fri Nov 13 2015 00:12:50 GMT+0800 (CST)","Thu Nov 12 2015 00:00:00 GMT+0800 (CST)","Prod.EB.S1"
"S1-20151112-182509-302-2240E_S1-20151113-001250-011-1827E","jackchow1985","jackchow1985-FX","USDCNH","100000","6.3941","6.3966","250","39.09854","Fri Nov 13 2015 00:12:50 GMT+0800 (CST)","Thu Nov 12 2015 00:00:00 GMT+0800 (CST)","Prod.EB.S1"
"S1-20151112-182510-300-2357E_S1-20151113-001250-011-1827E","jackchow1985","jackchow1985-FX","USDCNH","100000","6.3941","6.3966","250","39.09854","Fri Nov 13 2015 00:12:50 GMT+0800 (CST)","Thu Nov 12 2015 00:00:00 GMT+0800 (CST)","Prod.EB.S1"
"S1-20151112-182511-248-2216E_S1-20151113-001250-011-1827E","jackchow1985","jackchow1985-FX","USDCNH","100000","6.3941","6.3966","250","39.09854","Fri Nov 13 2015 00:12:50 GMT+0800 (CST)","Thu Nov 12 2015 00:00:00 GMT+0800 (CST)","Prod.EB.S1"
"S1-20151112-182512-195-2371E_S1-20151113-001250-011-1827E","jackchow1985","jackchow1985-FX","USDCNH","100000","6.3941","6.3966","250","39.09854","Fri Nov 13 2015 00:12:50 GMT+0800 (CST)","Thu Nov 12 2015 00:00:00 GMT+0800 (CST)","Prod.EB.S1"
"S1-20151112-182513-139-1608E_S1-20151113-001250-011-1827E","jackchow1985","jackchow1985-FX","USDCNH","100000","6.3941","6.3966","250","39.09854","Fri Nov 13 2015 00:12:50 GMT+0800 (CST)","Thu Nov 12 2015 00:00:00 GMT+0800 (CST)","Prod.EB.S1"
"S1-20151112-182514-084-0749E_S1-20151113-001250-011-1827E","jackchow1985","jackchow1985-FX","USDCNH","100000","6.3941","6.3966","250","39.09854","Fri Nov 13 2015 00:12:50 GMT+0800 (CST)","Thu Nov 12 2015 00:00:00 GMT+0800 (CST)","Prod.EB.S1"
"S1-20151112-182515-032-0501E_S1-20151113-001250-011-1827E","jackchow1985","jackchow1985-FX","USDCNH","100000","6.3941","6.3966","250","39.09854","Fri Nov 13 2015 00:12:50 GMT+0800 (CST)","Thu Nov 12 2015 00:00:00 GMT+0800 (CST)","Prod.EB.S1"
"S1-20151112-182515-990-1946E_S1-20151113-001250-011-1827E","jackchow1985","jackchow1985-FX","USDCNH","100000","6.3941","6.3966","250","39.09854","Fri Nov 13 2015 00:12:50 GMT+0800 (CST)","Thu Nov 12 2015 00:00:00 GMT+0800 (CST)","Prod.EB.S1"
"S1-20151112-182604-199-1785E_S1-20151117-002845-659-1248E","jackchow1985","jackchow1985-FX","EURUSD","100000","1.0719","1.07215","25","25","Tue Nov 17 2015 00:28:46 GMT+0800 (CST)","Mon Nov 16 2015 00:00:00 GMT+0800 (CST)","Prod.EB.S1"
"S1-20151112-182605-769-0868E_S1-20151117-002845-659-1248E","jackchow1985","jackchow1985-FX","EURUSD","100000","1.0719","1.07215","25","25","Tue Nov 17 2015 00:28:46 GMT+0800 (CST)","Mon Nov 16 2015 00:00:00 GMT+0800 (CST)","Prod.EB.S1"
"S1-20151112-182610-562-2343E_S1-20151117-002845-659-1248E","jackchow1985","jackchow1985-FX","EURUSD","100000","1.0719","1.07215","25","25","Tue Nov 17 2015 00:28:46 GMT+0800 (CST)","Mon Nov 16 2015 00:00:00 GMT+0800 (CST)","Prod.EB.S1"
"S1-20151112-182613-644-2351E_S1-20151117-002845-659-1248E","jackchow1985","jackchow1985-FX","EURUSD","100000","1.0719","1.0722","30","30","Tue Nov 17 2015 00:28:46 GMT+0800 (CST)","Mon Nov 16 2015 00:00:00 GMT+0800 (CST)","Prod.EB.S1"
"S1-20151116-195023-575-2065E_S1-20151116-214256-304-1141E","jackchow1985","jackchow1985-FX","USDCNH","100000","6.3979","6.4034","550","85.8865","Mon Nov 16 2015 21:42:56 GMT+0800 (CST)","Mon Nov 16 2015 00:00:00 GMT+0800 (CST)","Prod.EB.S1"
"S1-20151116-195027-402-1435E_S1-20151116-214256-304-1141E","jackchow1985","jackchow1985-FX","USDCNH","100000","6.3979","6.4034","550","85.8865","Mon Nov 16 2015 21:42:56 GMT+0800 (CST)","Mon Nov 16 2015 00:00:00 GMT+0800 (CST)","Prod.EB.S1"
"S1-20151116-195028-853-2401E_S1-20151116-214256-304-1141E","jackchow1985","jackchow1985-FX","USDCNH","100000","6.39785","6.4034","555","86.66729","Mon Nov 16 2015 21:42:56 GMT+0800 (CST)","Mon Nov 16 2015 00:00:00 GMT+0800 (CST)","Prod.EB.S1"
"S1-20151116-195030-162-1186E_S1-20151116-214256-304-1141E","jackchow1985","jackchow1985-FX","USDCNH","100000","6.39785","6.4034","555","86.66729","Mon Nov 16 2015 21:42:56 GMT+0800 (CST)","Mon Nov 16 2015 00:00:00 GMT+0800 (CST)","Prod.EB.S1"
"S1-20151116-202759-455-0849E_S1-20151117-204508-270-0309E","jackchow1985","jackchow1985-FX","USDJPY","100000","123.105","123.255","15000","121.69398","Tue Nov 17 2015 20:45:08 GMT+0800 (CST)","Tue Nov 17 2015 00:00:00 GMT+0800 (CST)","Prod.EB.S1"
"S1-20151116-202800-945-0028E_S1-20151117-204508-270-0309E","jackchow1985","jackchow1985-FX","USDJPY","100000","123.105","123.255","15000","121.69398","Tue Nov 17 2015 20:45:08 GMT+0800 (CST)","Tue Nov 17 2015 00:00:00 GMT+0800 (CST)","Prod.EB.S1"
"S1-20151116-202802-065-1898E_S1-20151117-204508-270-0309E","jackchow1985","jackchow1985-FX","USDJPY","100000","123.105","123.255","15000","121.69398","Tue Nov 17 2015 20:45:08 GMT+0800 (CST)","Tue Nov 17 2015 00:00:00 GMT+0800 (CST)","Prod.EB.S1"
"S1-20151116-225444-118-1610E_S1-20151118-203012-649-1462E","jackchow1985","jackchow1985-FX","CNHHKD","100000","1.2082","1.2103","210","27.09328","Wed Nov 18 2015 20:30:13 GMT+0800 (CST)","Wed Nov 18 2015 00:00:00 GMT+0800 (CST)","Prod.EB.S1"
"S1-20151116-225449-518-2025E_S1-20151118-203012-649-1462E","jackchow1985","jackchow1985-FX","CNHHKD","100000","1.2082","1.2103","210","27.09328","Wed Nov 18 2015 20:30:13 GMT+0800 (CST)","Wed Nov 18 2015 00:00:00 GMT+0800 (CST)","Prod.EB.S1"
"S1-20151117-204827-364-2145E_S1-20151118-150005-841-0421E","jackchow1985","jackchow1985-FX","USDRUB","100000","65.7252","64.986","-73920","-1137.47576","Wed Nov 18 2015 15:00:06 GMT+0800 (CST)","Wed Nov 18 2015 00:00:00 GMT+0800 (CST)","Prod.EB.S1"
"S1-20151117-204830-667-2457E_S1-20151118-150005-841-0421E","jackchow1985","jackchow1985-FX","USDRUB","100000","65.7252","64.986","-73920","-1137.47576","Wed Nov 18 2015 15:00:06 GMT+0800 (CST)","Wed Nov 18 2015 00:00:00 GMT+0800 (CST)","Prod.EB.S1"
"S1-20151117-204832-228-1544E_S1-20151118-150005-841-0421E","jackchow1985","jackchow1985-FX","USDRUB","100000","65.7248","64.986","-73880","-1136.86025","Wed Nov 18 2015 15:00:06 GMT+0800 (CST)","Wed Nov 18 2015 00:00:00 GMT+0800 (CST)","Prod.EB.S1"
"S1-20151117-204849-682-0068E_S1-20151118-150005-841-0421E","jackchow1985","jackchow1985-FX","USDRUB","100000","65.73475","64.986","-74875","-1152.17124","Wed Nov 18 2015 15:00:06 GMT+0800 (CST)","Wed Nov 18 2015 00:00:00 GMT+0800 (CST)","Prod.EB.S1"
"S1-20151117-204948-681-0259E_S1-20151118-150005-841-0421E","jackchow1985","jackchow1985-FX","USDRUB","100000","65.7118","64.986","-72580","-1116.85594","Wed Nov 18 2015 15:00:06 GMT+0800 (CST)","Wed Nov 18 2015 00:00:00 GMT+0800 (CST)","Prod.EB.S1"
"S1-20151118-154158-678-0867E_S1-20151118-202949-730-0170E","jackchow1985","jackchow1985-FX","USDRUB","100000","64.8788","64.71395","-16485","-254.16928","Wed Nov 18 2015 20:29:50 GMT+0800 (CST)","Wed Nov 18 2015 00:00:00 GMT+0800 (CST)","Prod.EB.S1"
"S1-20151118-154202-965-1171E_S1-20151118-202949-730-0170E","jackchow1985","jackchow1985-FX","USDRUB","100000","64.8788","64.717","-16180","-249.46672","Wed Nov 18 2015 20:29:50 GMT+0800 (CST)","Wed Nov 18 2015 00:00:00 GMT+0800 (CST)","Prod.EB.S1"
"S1-20151118-154240-809-0319E_S1-20151118-202949-730-0170E","jackchow1985","jackchow1985-FX","USDRUB","100000","64.8788","64.68715","-19165","-295.49009","Wed Nov 18 2015 20:29:50 GMT+0800 (CST)","Wed Nov 18 2015 00:00:00 GMT+0800 (CST)","Prod.EB.S1"
"S1-20151118-154242-644-0435E_S1-20151118-202949-730-0170E","jackchow1985","jackchow1985-FX","USDRUB","100000","64.8788","64.68715","-19165","-295.49009","Wed Nov 18 2015 20:29:50 GMT+0800 (CST)","Wed Nov 18 2015 00:00:00 GMT+0800 (CST)","Prod.EB.S1"
"S1-20151118-154243-990-0251E_S1-20151118-202949-730-0170E","jackchow1985","jackchow1985-FX","USDRUB","100000","64.8788","64.68715","-19165","-295.49009","Wed Nov 18 2015 20:29:50 GMT+0800 (CST)","Wed Nov 18 2015 00:00:00 GMT+0800 (CST)","Prod.EB.S1"
"S1-20151119-091536-273-0650E_S1-20151120-194412-625-1774E","jackchow1985","jackchow1985-FX","USDCNH","303000","6.4116","6.4165","1484.7","231.38422","Fri Nov 20 2015 19:44:13 GMT+0800 (CST)","Fri Nov 20 2015 00:00:00 GMT+0800 (CST)","Prod.EB.S1"
"S1-20151123-203423-745-0971E_S1-20151123-225259-394-0393E","jackchow1985","jackchow1985-FX","USDCNH","100000","6.42745","6.4292","175","27.21871","Mon Nov 23 2015 22:52:59 GMT+0800 (CST)","Mon Nov 23 2015 00:00:00 GMT+0800 (CST)","Prod.EB.S1"
"S1-20151123-203429-036-0488E_S1-20151123-225259-394-0393E","jackchow1985","jackchow1985-FX","USDCNH","100000","6.4267","6.4292","250","38.88388","Mon Nov 23 2015 22:52:59 GMT+0800 (CST)","Mon Nov 23 2015 00:00:00 GMT+0800 (CST)","Prod.EB.S1"
"S1-20151123-203431-896-1372E_S1-20151123-225259-394-0393E","jackchow1985","jackchow1985-FX","USDCNH","100000","6.4267","6.4292","250","38.88388","Mon Nov 23 2015 22:52:59 GMT+0800 (CST)","Mon Nov 23 2015 00:00:00 GMT+0800 (CST)","Prod.EB.S1"
"S1-20151123-203432-266-0132E_S1-20151123-225259-394-0393E","jackchow1985","jackchow1985-FX","USDCNH","100000","6.4267","6.4292","250","38.88388","Mon Nov 23 2015 22:52:59 GMT+0800 (CST)","Mon Nov 23 2015 00:00:00 GMT+0800 (CST)","Prod.EB.S1"
"S1-20151123-203435-334-0006E_S1-20151123-225259-394-0393E","jackchow1985","jackchow1985-FX","USDCNH","100000","6.4267","6.4292","250","38.88388","Mon Nov 23 2015 22:52:59 GMT+0800 (CST)","Mon Nov 23 2015 00:00:00 GMT+0800 (CST)","Prod.EB.S1"
"S1-20151123-203438-673-2079E_S1-20151123-225259-394-0393E","jackchow1985","jackchow1985-FX","USDCNH","100000","6.4267","6.4292","250","38.88388","Mon Nov 23 2015 22:52:59 GMT+0800 (CST)","Mon Nov 23 2015 00:00:00 GMT+0800 (CST)","Prod.EB.S1"
"S1-20151123-225420-464-1213E_S1-20151124-192930-151-1635E","jackchow1985","jackchow1985-FX","EURUSD","100000","1.0648","1.06505","25","25","Tue Nov 24 2015 19:29:30 GMT+0800 (CST)","Tue Nov 24 2015 00:00:00 GMT+0800 (CST)","Prod.EB.S1"
"S1-20151123-225424-440-0806E_S1-20151124-192930-151-1635E","jackchow1985","jackchow1985-FX","EURUSD","100000","1.0647","1.06505","35","35","Tue Nov 24 2015 19:29:30 GMT+0800 (CST)","Tue Nov 24 2015 00:00:00 GMT+0800 (CST)","Prod.EB.S1"
"S1-20151123-225426-250-2380E_S1-20151124-192930-151-1635E","jackchow1985","jackchow1985-FX","EURUSD","100000","1.06465","1.06505","40","40","Tue Nov 24 2015 19:29:30 GMT+0800 (CST)","Tue Nov 24 2015 00:00:00 GMT+0800 (CST)","Prod.EB.S1"
"S1-20151123-225428-134-0161E_S1-20151124-192930-151-1635E","jackchow1985","jackchow1985-FX","EURUSD","100000","1.0646","1.06505","45","45","Tue Nov 24 2015 19:29:30 GMT+0800 (CST)","Tue Nov 24 2015 00:00:00 GMT+0800 (CST)","Prod.EB.S1"
"S1-20151123-225648-157-1797E_S1-20151123-233941-261-1890E","jackchow1985","jackchow1985-FX","GBPCNH","2000000","9.7615","9.745","-33000","-5131.07566","Mon Nov 23 2015 23:39:41 GMT+0800 (CST)","Mon Nov 23 2015 00:00:00 GMT+0800 (CST)","Prod.EB.S1"
"S1-20151124-092935-883-0401E_S1-20151126-142503-842-2383E","jackchow1985","jackchow1985-FX","GBPCNH","100000","9.7345","9.7212","-1330","-206.89923","Thu Nov 26 2015 14:25:04 GMT+0800 (CST)","Thu Nov 26 2015 00:00:00 GMT+0800 (CST)","Prod.EB.S1"
"S1-20151124-092938-330-0504E_S1-20151126-142503-842-2383E","jackchow1985","jackchow1985-FX","GBPCNH","100000","9.7345","9.7212","-1330","-206.89923","Thu Nov 26 2015 14:25:04 GMT+0800 (CST)","Thu Nov 26 2015 00:00:00 GMT+0800 (CST)","Prod.EB.S1"
"S1-20151124-092940-140-1908E_S1-20151126-142503-842-2383E","jackchow1985","jackchow1985-FX","GBPCNH","100000","9.7345","9.7212","-1330","-206.89923","Thu Nov 26 2015 14:25:04 GMT+0800 (CST)","Thu Nov 26 2015 00:00:00 GMT+0800 (CST)","Prod.EB.S1"
"S1-20151125-220740-451-2210E_S1-20151126-082523-103-1342E","jackchow1985","jackchow1985-FX","USDCNH","100000","6.4242","6.41975","-445","-69.31734","Thu Nov 26 2015 08:25:23 GMT+0800 (CST)","Thu Nov 26 2015 00:00:00 GMT+0800 (CST)","Prod.EB.S1"
"S1-20151125-220740-451-2210E_S1-20151126-142311-894-0842E","jackchow1985","jackchow1985-FX","USDCNH","3100000","6.4242","6.42765","10695","1663.89222","Thu Nov 26 2015 14:23:12 GMT+0800 (CST)","Thu Nov 26 2015 00:00:00 GMT+0800 (CST)","Prod.EB.S1"
"S1-20151127-003622-284-1236E_S1-20151127-202950-265-1599E","jackchow1985","jackchow1985-FX","USDCNH","100000","6.4363","6.4539","1760","272.69488","Fri Nov 27 2015 20:29:50 GMT+0800 (CST)","Fri Nov 27 2015 00:00:00 GMT+0800 (CST)","Prod.EB.S1"
"S1-20151127-003647-741-0122E_S1-20151127-202950-265-1599E","jackchow1985","jackchow1985-FX","USDCNH","2500000","6.4363","6.4539","44000","6817.3719","Fri Nov 27 2015 20:29:50 GMT+0800 (CST)","Fri Nov 27 2015 00:00:00 GMT+0800 (CST)","Prod.EB.S1"
"S1-20151127-224841-535-0712E_S1-20151130-094649-187-2337E","jackchow1985","jackchow1985-FX","EURUSD","300000","1.05755","1.058","135","135","Mon Nov 30 2015 09:46:49 GMT+0800 (CST)","Mon Nov 30 2015 00:00:00 GMT+0800 (CST)","Prod.EB.S1"
"S1-20151127-224849-936-0781E_S1-20151130-094649-187-2337E","jackchow1985","jackchow1985-FX","EURUSD","300000","1.05755","1.058","135","135","Mon Nov 30 2015 09:46:49 GMT+0800 (CST)","Mon Nov 30 2015 00:00:00 GMT+0800 (CST)","Prod.EB.S1"
"S1-20151127-224852-961-1261E_S1-20151130-094649-187-2337E","jackchow1985","jackchow1985-FX","EURUSD","300000","1.05755","1.05795","120","120","Mon Nov 30 2015 09:46:49 GMT+0800 (CST)","Mon Nov 30 2015 00:00:00 GMT+0800 (CST)","Prod.EB.S1"
"S1-20151128-003604-668-2241E_S1-20151130-094649-187-2337E","jackchow1985","jackchow1985-FX","EURUSD","300000","1.05755","1.05945","570","570","Mon Nov 30 2015 09:46:49 GMT+0800 (CST)","Mon Nov 30 2015 00:00:00 GMT+0800 (CST)","Prod.EB.S1"
"S1-20151128-003606-874-1960E_S1-20151130-094649-187-2337E","jackchow1985","jackchow1985-FX","EURUSD","300000","1.05755","1.05945","570","570","Mon Nov 30 2015 09:46:49 GMT+0800 (CST)","Mon Nov 30 2015 00:00:00 GMT+0800 (CST)","Prod.EB.S1"
"S1-20151128-003733-176-0154E_S1-20151130-093949-452-1031E","jackchow1985","jackchow1985-FX","USDCNH","300000","6.4516","6.45875","2145","332.10503","Mon Nov 30 2015 09:39:49 GMT+0800 (CST)","Mon Nov 30 2015 00:00:00 GMT+0800 (CST)","Prod.EB.S1"
"S1-20151128-003737-146-0094E_S1-20151130-093949-452-1031E","jackchow1985","jackchow1985-FX","USDCNH","300000","6.4516","6.45875","2145","332.10503","Mon Nov 30 2015 09:39:49 GMT+0800 (CST)","Mon Nov 30 2015 00:00:00 GMT+0800 (CST)","Prod.EB.S1"
"S1-20151130-094916-419-1562E_S1-20151130-105423-850-0374E","jackchow1985","jackchow1985-FX","EURJPY","300000","129.845","129.89","13500","109.98859","Mon Nov 30 2015 10:54:24 GMT+0800 (CST)","Mon Nov 30 2015 00:00:00 GMT+0800 (CST)","Prod.EB.S1"
"S1-20151130-094920-089-0300E_S1-20151130-105423-850-0374E","jackchow1985","jackchow1985-FX","EURJPY","300000","129.845","129.89","13500","109.98859","Mon Nov 30 2015 10:54:24 GMT+0800 (CST)","Mon Nov 30 2015 00:00:00 GMT+0800 (CST)","Prod.EB.S1"
"S1-20151130-094921-309-2028E_S1-20151130-105423-850-0374E","jackchow1985","jackchow1985-FX","EURJPY","300000","129.845","129.89","13500","109.98859","Mon Nov 30 2015 10:54:24 GMT+0800 (CST)","Mon Nov 30 2015 00:00:00 GMT+0800 (CST)","Prod.EB.S1"
"S1-20151130-094922-521-2395E_S1-20151130-105423-850-0374E","jackchow1985","jackchow1985-FX","EURJPY","300000","129.85","129.89","12000","97.76764","Mon Nov 30 2015 10:54:24 GMT+0800 (CST)","Mon Nov 30 2015 00:00:00 GMT+0800 (CST)","Prod.EB.S1"
"S1-20151130-094923-681-0726E_S1-20151130-105423-850-0374E","jackchow1985","jackchow1985-FX","EURJPY","300000","129.845","129.89","13500","109.98859","Mon Nov 30 2015 10:54:24 GMT+0800 (CST)","Mon Nov 30 2015 00:00:00 GMT+0800 (CST)","Prod.EB.S1"
"S1-20151130-094924-999-1126E_S1-20151130-105423-850-0374E","jackchow1985","jackchow1985-FX","EURJPY","300000","129.845","129.89","13500","109.98859","Mon Nov 30 2015 10:54:24 GMT+0800 (CST)","Mon Nov 30 2015 00:00:00 GMT+0800 (CST)","Prod.EB.S1"
"S1-20151130-094927-218-1097E_S1-20151130-105423-850-0374E","jackchow1985","jackchow1985-FX","EURJPY","300000","129.85","129.89","12000","97.76764","Mon Nov 30 2015 10:54:24 GMT+0800 (CST)","Mon Nov 30 2015 00:00:00 GMT+0800 (CST)","Prod.EB.S1"
"S1-20151130-094927-662-0862E_S1-20151130-105423-850-0374E","jackchow1985","jackchow1985-FX","EURJPY","300000","129.845","129.89","13500","109.98859","Mon Nov 30 2015 10:54:24 GMT+0800 (CST)","Mon Nov 30 2015 00:00:00 GMT+0800 (CST)","Prod.EB.S1"
"S1-20151130-094928-589-2500E_S1-20151130-105423-850-0374E","jackchow1985","jackchow1985-FX","EURJPY","300000","129.845","129.89","13500","109.98859","Mon Nov 30 2015 10:54:24 GMT+0800 (CST)","Mon Nov 30 2015 00:00:00 GMT+0800 (CST)","Prod.EB.S1"
"S1-20151130-165842-634-0416E_S1-20151130-201629-352-1028E","jackchow1985","jackchow1985-FX","USDCNH","300000","6.4252","6.4278","780","121.34412","Mon Nov 30 2015 20:16:29 GMT+0800 (CST)","Mon Nov 30 2015 00:00:00 GMT+0800 (CST)","Prod.EB.S1"
"S1-20151130-165845-590-1356E_S1-20151130-201629-352-1028E","jackchow1985","jackchow1985-FX","USDCNH","300000","6.4252","6.4278","780","121.34412","Mon Nov 30 2015 20:16:29 GMT+0800 (CST)","Mon Nov 30 2015 00:00:00 GMT+0800 (CST)","Prod.EB.S1"
"S1-20151130-165846-477-1334E_S1-20151130-201629-352-1028E","jackchow1985","jackchow1985-FX","USDCNH","300000","6.4252","6.4278","780","121.34412","Mon Nov 30 2015 20:16:29 GMT+0800 (CST)","Mon Nov 30 2015 00:00:00 GMT+0800 (CST)","Prod.EB.S1"
"S1-20151130-165855-925-2126E_S1-20151130-201629-352-1028E","jackchow1985","jackchow1985-FX","USDCNH","300000","6.42475","6.4278","915","142.34599","Mon Nov 30 2015 20:16:29 GMT+0800 (CST)","Mon Nov 30 2015 00:00:00 GMT+0800 (CST)","Prod.EB.S1"
"S1-20151130-170642-720-0254E_S1-20151130-201629-352-1028E","jackchow1985","jackchow1985-FX","USDCNH","300000","6.4186","6.4278","2760","429.3715","Mon Nov 30 2015 20:16:29 GMT+0800 (CST)","Mon Nov 30 2015 00:00:00 GMT+0800 (CST)","Prod.EB.S1"
"S1-20151130-170644-435-1599E_S1-20151130-201629-352-1028E","jackchow1985","jackchow1985-FX","USDCNH","300000","6.4186","6.4278","2760","429.3715","Mon Nov 30 2015 20:16:29 GMT+0800 (CST)","Mon Nov 30 2015 00:00:00 GMT+0800 (CST)","Prod.EB.S1"
"S1-20151130-170648-232-2413E_S1-20151130-201629-352-1028E","jackchow1985","jackchow1985-FX","USDCNH","300000","6.4187","6.4278","2730","424.70442","Mon Nov 30 2015 20:16:29 GMT+0800 (CST)","Mon Nov 30 2015 00:00:00 GMT+0800 (CST)","Prod.EB.S1"
"S1-20151130-170651-011-1084E_S1-20151130-201629-352-1028E","jackchow1985","jackchow1985-FX","USDCNH","300000","6.4187","6.4278","2730","424.70442","Mon Nov 30 2015 20:16:29 GMT+0800 (CST)","Mon Nov 30 2015 00:00:00 GMT+0800 (CST)","Prod.EB.S1"
"S1-20151130-170652-583-0608E_S1-20151130-201629-352-1028E","jackchow1985","jackchow1985-FX","USDCNH","300000","6.4187","6.4278","2730","424.70442","Mon Nov 30 2015 20:16:29 GMT+0800 (CST)","Mon Nov 30 2015 00:00:00 GMT+0800 (CST)","Prod.EB.S1"
"S1-20151130-170943-718-0147E_S1-20151130-213507-925-1420E","jackchow1985","jackchow1985-FX","EURUSD","300000","1.0572","1.0583","330","330","Mon Nov 30 2015 21:35:08 GMT+0800 (CST)","Mon Nov 30 2015 00:00:00 GMT+0800 (CST)","Prod.EB.S1"
"S1-20151130-201634-594-0921E_S1-20151130-213322-880-1979E","jackchow1985","jackchow1985-FX","USDCNH","300000","6.428","6.4297","510","79.31817","Mon Nov 30 2015 21:33:23 GMT+0800 (CST)","Mon Nov 30 2015 00:00:00 GMT+0800 (CST)","Prod.EB.S1"
"S1-20151130-201636-862-1349E_S1-20151130-213322-880-1979E","jackchow1985","jackchow1985-FX","USDCNH","300000","6.428","6.4297","510","79.31817","Mon Nov 30 2015 21:33:23 GMT+0800 (CST)","Mon Nov 30 2015 00:00:00 GMT+0800 (CST)","Prod.EB.S1"
"S1-20151130-201640-102-1076E_S1-20151130-213322-880-1979E","jackchow1985","jackchow1985-FX","USDCNH","300000","6.428","6.4297","510","79.31817","Mon Nov 30 2015 21:33:23 GMT+0800 (CST)","Mon Nov 30 2015 00:00:00 GMT+0800 (CST)","Prod.EB.S1"
"S1-20151130-201642-277-0646E_S1-20151130-213322-880-1979E","jackchow1985","jackchow1985-FX","USDCNH","300000","6.428","6.4297","510","79.31817","Mon Nov 30 2015 21:33:23 GMT+0800 (CST)","Mon Nov 30 2015 00:00:00 GMT+0800 (CST)","Prod.EB.S1"
"S1-20151130-201815-324-1830E_S1-20151202-201142-975-1412E","jackchow1985","jackchow1985-FX","GBPUSD","300000","1.50355","1.5009","-795","-795","Wed Dec 02 2015 20:11:43 GMT+0800 (CST)","Wed Dec 02 2015 00:00:00 GMT+0800 (CST)","Prod.EB.S1"
"S1-20151130-221048-038-0789E_S1-20151130-225538-669-2049E","jackchow1985","jackchow1985-FX","USDCNH","300000","6.4248","6.4273","750","116.6843","Mon Nov 30 2015 22:55:39 GMT+0800 (CST)","Mon Nov 30 2015 00:00:00 GMT+0800 (CST)","Prod.EB.S1"
"S1-20151130-221049-846-2292E_S1-20151130-225538-669-2049E","jackchow1985","jackchow1985-FX","USDCNH","300000","6.4248","6.4273","750","116.6843","Mon Nov 30 2015 22:55:39 GMT+0800 (CST)","Mon Nov 30 2015 00:00:00 GMT+0800 (CST)","Prod.EB.S1"
"S1-20151130-221050-962-2296E_S1-20151130-225538-669-2049E","jackchow1985","jackchow1985-FX","USDCNH","300000","6.4248","6.4273","750","116.6843","Mon Nov 30 2015 22:55:39 GMT+0800 (CST)","Mon Nov 30 2015 00:00:00 GMT+0800 (CST)","Prod.EB.S1"
"S1-20151130-221514-566-0719E_S1-20151130-225538-669-2049E","jackchow1985","jackchow1985-FX","USDCNH","300000","6.42265","6.4273","1395","217.0328","Mon Nov 30 2015 22:55:39 GMT+0800 (CST)","Mon Nov 30 2015 00:00:00 GMT+0800 (CST)","Prod.EB.S1"
"S1-20151130-221517-829-0194E_S1-20151130-225538-669-2049E","jackchow1985","jackchow1985-FX","USDCNH","300000","6.42265","6.4273","1395","217.0328","Mon Nov 30 2015 22:55:39 GMT+0800 (CST)","Mon Nov 30 2015 00:00:00 GMT+0800 (CST)","Prod.EB.S1"
"S1-20151130-235602-249-1339E_S1-20151201-000131-809-1653E","jackchow1985","jackchow1985-FX","AUDUSD","300000","0.72375","0.72455","240","240","Tue Dec 01 2015 00:01:32 GMT+0800 (CST)","Mon Nov 30 2015 00:00:00 GMT+0800 (CST)","Prod.EB.S1"
"S1-20151201-000245-060-1973E_S1-20151201-003300-394-0912E","jackchow1985","jackchow1985-FX","AUDUSD","300000","0.724","0.72455","165","165","Tue Dec 01 2015 00:33:00 GMT+0800 (CST)","Mon Nov 30 2015 00:00:00 GMT+0800 (CST)","Prod.EB.S1"
"S1-20151201-083249-696-2182E_S1-20151201-085748-206-2235E","jackchow1985","jackchow1985-FX","USDCNH","300000","6.4333","6.429","-1290","-200.65329","Tue Dec 01 2015 08:57:48 GMT+0800 (CST)","Tue Dec 01 2015 00:00:00 GMT+0800 (CST)","Prod.EB.S1"
"S1-20151201-083251-085-0542E_S1-20151201-085748-206-2235E","jackchow1985","jackchow1985-FX","USDCNH","300000","6.4333","6.429","-1290","-200.65329","Tue Dec 01 2015 08:57:48 GMT+0800 (CST)","Tue Dec 01 2015 00:00:00 GMT+0800 (CST)","Prod.EB.S1"
"S1-20151201-083252-327-0429E_S1-20151201-085748-206-2235E","jackchow1985","jackchow1985-FX","USDCNH","300000","6.4333","6.429","-1290","-200.65329","Tue Dec 01 2015 08:57:48 GMT+0800 (CST)","Tue Dec 01 2015 00:00:00 GMT+0800 (CST)","Prod.EB.S1"
"S1-20151201-083253-767-2282E_S1-20151201-085748-206-2235E","jackchow1985","jackchow1985-FX","USDCNH","300000","6.4333","6.429","-1290","-200.65329","Tue Dec 01 2015 08:57:48 GMT+0800 (CST)","Tue Dec 01 2015 00:00:00 GMT+0800 (CST)","Prod.EB.S1"
"S1-20151201-083255-992-0945E_S1-20151201-085748-206-2235E","jackchow1985","jackchow1985-FX","USDCNH","300000","6.43315","6.429","-1245","-193.65376","Tue Dec 01 2015 08:57:48 GMT+0800 (CST)","Tue Dec 01 2015 00:00:00 GMT+0800 (CST)","Prod.EB.S1"
"S1-20151201-090219-717-2234E_S1-20151201-093953-320-1633E","jackchow1985","jackchow1985-FX","USDCNH","300000","6.4407","6.42995","-3225","-500.79195","Tue Dec 01 2015 09:39:53 GMT+0800 (CST)","Tue Dec 01 2015 00:00:00 GMT+0800 (CST)","Prod.EB.S1"
"S1-20151201-093957-094-1839E_S1-20151201-124826-039-1787E","jackchow1985","jackchow1985-FX","USDCNH","300000","6.44025","6.444","1125","174.57559","Tue Dec 01 2015 12:48:26 GMT+0800 (CST)","Tue Dec 01 2015 00:00:00 GMT+0800 (CST)","Prod.EB.S1"
"S1-20151201-094000-556-1600E_S1-20151201-124826-039-1787E","jackchow1985","jackchow1985-FX","USDCNH","300000","6.44025","6.444","1125","174.57559","Tue Dec 01 2015 12:48:26 GMT+0800 (CST)","Tue Dec 01 2015 00:00:00 GMT+0800 (CST)","Prod.EB.S1"
"S1-20151201-094002-099-2282E_S1-20151201-124826-039-1787E","jackchow1985","jackchow1985-FX","USDCNH","300000","6.44025","6.444","1125","174.57559","Tue Dec 01 2015 12:48:26 GMT+0800 (CST)","Tue Dec 01 2015 00:00:00 GMT+0800 (CST)","Prod.EB.S1"
"S1-20151201-094004-209-1429E_S1-20151201-124826-039-1787E","jackchow1985","jackchow1985-FX","USDCNH","300000","6.44025","6.444","1125","174.57559","Tue Dec 01 2015 12:48:26 GMT+0800 (CST)","Tue Dec 01 2015 00:00:00 GMT+0800 (CST)","Prod.EB.S1"
"S1-20151201-094005-865-1996E_S1-20151201-124826-039-1787E","jackchow1985","jackchow1985-FX","USDCNH","300000","6.44025","6.444","1125","174.57559","Tue Dec 01 2015 12:48:26 GMT+0800 (CST)","Tue Dec 01 2015 00:00:00 GMT+0800 (CST)","Prod.EB.S1"
"S1-20151201-094007-075-1131E_S1-20151201-124826-039-1787E","jackchow1985","jackchow1985-FX","USDCNH","300000","6.4399","6.444","1230","190.86931","Tue Dec 01 2015 12:48:26 GMT+0800 (CST)","Tue Dec 01 2015 00:00:00 GMT+0800 (CST)","Prod.EB.S1"
"S1-20151201-094037-513-0892E_S1-20151201-124826-039-1787E","jackchow1985","jackchow1985-FX","USDCNH","300000","6.439","6.444","1500","232.76745","Tue Dec 01 2015 12:48:26 GMT+0800 (CST)","Tue Dec 01 2015 00:00:00 GMT+0800 (CST)","Prod.EB.S1"
"S1-20151201-153507-576-1772E_S1-20151201-160412-942-0360E","jackchow1985","jackchow1985-FX","NZDUSD","300000","0.6646","0.66505","135","135","Tue Dec 01 2015 16:04:13 GMT+0800 (CST)","Tue Dec 01 2015 00:00:00 GMT+0800 (CST)","Prod.EB.S1"
"S1-20151201-153508-966-2393E_S1-20151201-160412-942-0360E","jackchow1985","jackchow1985-FX","NZDUSD","300000","0.6646","0.66505","135","135","Tue Dec 01 2015 16:04:13 GMT+0800 (CST)","Tue Dec 01 2015 00:00:00 GMT+0800 (CST)","Prod.EB.S1"
"S1-20151201-154102-264-1804E_S1-20151201-171004-741-1264E","jackchow1985","jackchow1985-FX","USDCZK","300000","25.4605","25.5165","16800","659.84564","Tue Dec 01 2015 17:10:05 GMT+0800 (CST)","Tue Dec 01 2015 00:00:00 GMT+0800 (CST)","Prod.EB.S1"
"S1-20151201-154104-999-1641E_S1-20151201-171004-741-1264E","jackchow1985","jackchow1985-FX","USDCZK","300000","25.4605","25.518","17250","677.52008","Tue Dec 01 2015 17:10:05 GMT+0800 (CST)","Tue Dec 01 2015 00:00:00 GMT+0800 (CST)","Prod.EB.S1"
"S1-20151201-171537-743-0506E_S1-20151201-173424-056-0922E","jackchow1985","jackchow1985-FX","USDCAD","300000","1.33225","1.33135","-270","-202.67227","Tue Dec 01 2015 17:34:24 GMT+0800 (CST)","Tue Dec 01 2015 00:00:00 GMT+0800 (CST)","Prod.EB.S1"
"S1-20151201-173426-088-0363E_S1-20151201-180340-658-1737E","jackchow1985","jackchow1985-FX","USDCAD","300000","1.3322","1.33315","285","213.77138","Tue Dec 01 2015 18:03:41 GMT+0800 (CST)","Tue Dec 01 2015 00:00:00 GMT+0800 (CST)","Prod.EB.S1"
"S1-20151201-173428-418-2192E_S1-20151201-180340-658-1737E","jackchow1985","jackchow1985-FX","USDCAD","300000","1.3322","1.33315","285","213.77138","Tue Dec 01 2015 18:03:41 GMT+0800 (CST)","Tue Dec 01 2015 00:00:00 GMT+0800 (CST)","Prod.EB.S1"
"S1-20151201-174933-552-0369E_S1-20151201-184507-126-2241E","jackchow1985","jackchow1985-FX","NZDUSD","300000","0.66495","0.66545","150","150","Tue Dec 01 2015 18:45:07 GMT+0800 (CST)","Tue Dec 01 2015 00:00:00 GMT+0800 (CST)","Prod.EB.S1"
"S1-20151201-174937-080-2146E_S1-20151201-184507-126-2241E","jackchow1985","jackchow1985-FX","NZDUSD","300000","0.66495","0.66545","150","150","Tue Dec 01 2015 18:45:07 GMT+0800 (CST)","Tue Dec 01 2015 00:00:00 GMT+0800 (CST)","Prod.EB.S1"
"S1-20151201-202922-226-1517E_S1-20151201-212340-175-1271E","jackchow1985","jackchow1985-FX","AUDCNH","300000","4.6969","4.6992","690","107.03649","Tue Dec 01 2015 21:23:40 GMT+0800 (CST)","Tue Dec 01 2015 00:00:00 GMT+0800 (CST)","Prod.EB.S1"
"S1-20151201-202935-849-2067E_S1-20151201-212340-175-1271E","jackchow1985","jackchow1985-FX","AUDCNH","300000","4.69715","4.6992","615","95.40208","Tue Dec 01 2015 21:23:40 GMT+0800 (CST)","Tue Dec 01 2015 00:00:00 GMT+0800 (CST)","Prod.EB.S1"
"S1-20151201-215444-139-0475E_S1-20151201-220036-041-2466E","jackchow1985","jackchow1985-FX","AUDCHF","300000","0.7495","0.74905","-135","-131.20171","Tue Dec 01 2015 22:00:36 GMT+0800 (CST)","Tue Dec 01 2015 00:00:00 GMT+0800 (CST)","Prod.EB.S1"
"S1-20151201-215447-592-1448E_S1-20151201-220036-041-2466E","jackchow1985","jackchow1985-FX","AUDCHF","300000","0.7495","0.74915","-105","-102.04577","Tue Dec 01 2015 22:00:36 GMT+0800 (CST)","Tue Dec 01 2015 00:00:00 GMT+0800 (CST)","Prod.EB.S1"
"S1-20151201-220155-916-1121E_S1-20151201-224539-387-1912E","jackchow1985","jackchow1985-FX","AUDCHF","300000","0.7499","0.7505","180","175.09728","Tue Dec 01 2015 22:45:39 GMT+0800 (CST)","Tue Dec 01 2015 00:00:00 GMT+0800 (CST)","Prod.EB.S1"
"S1-20151201-220203-670-1594E_S1-20151201-224539-387-1912E","jackchow1985","jackchow1985-FX","AUDCHF","300000","0.74995","0.7505","165","160.50584","Tue Dec 01 2015 22:45:39 GMT+0800 (CST)","Tue Dec 01 2015 00:00:00 GMT+0800 (CST)","Prod.EB.S1"
"S1-20151201-220208-536-0107E_S1-20151201-224539-387-1912E","jackchow1985","jackchow1985-FX","AUDCHF","300000","0.74985","0.7505","195","189.68872","Tue Dec 01 2015 22:45:39 GMT+0800 (CST)","Tue Dec 01 2015 00:00:00 GMT+0800 (CST)","Prod.EB.S1"
"S1-20151201-225020-386-0856E_S1-20151203-003025-523-1321E","jackchow1985","jackchow1985-FX","AUDHKD","300000","5.6667","5.65915","-2265","-292.24487","Thu Dec 03 2015 00:30:26 GMT+0800 (CST)","Wed Dec 02 2015 00:00:00 GMT+0800 (CST)","Prod.EB.S1"
"S1-20151201-225024-121-0533E_S1-20151203-003025-523-1321E","jackchow1985","jackchow1985-FX","AUDHKD","300000","5.6667","5.659","-2310","-298.05106","Thu Dec 03 2015 00:30:26 GMT+0800 (CST)","Wed Dec 02 2015 00:00:00 GMT+0800 (CST)","Prod.EB.S1"
"S1-20151201-225032-741-0507E_S1-20151203-003025-523-1321E","jackchow1985","jackchow1985-FX","AUDHKD","300000","5.6667","5.65915","-2265","-292.24487","Thu Dec 03 2015 00:30:26 GMT+0800 (CST)","Wed Dec 02 2015 00:00:00 GMT+0800 (CST)","Prod.EB.S1"
"S1-20151201-230014-349-0829E_S1-20151202-001642-058-0379E","jackchow1985","jackchow1985-FX","USDCNH","300000","6.4464","6.4439","-750","-116.34671","Wed Dec 02 2015 00:16:42 GMT+0800 (CST)","Tue Dec 01 2015 00:00:00 GMT+0800 (CST)","Prod.EB.S1"
"S1-20151202-120610-128-1422E_S1-20151202-140221-543-0723E","jackchow1985","jackchow1985-FX","USDCAD","1000","1.33735","1.33745","0.1","0.07477","Wed Dec 02 2015 14:02:22 GMT+0800 (CST)","Wed Dec 02 2015 00:00:00 GMT+0800 (CST)","Prod.EB.S1"
"S1-20151202-201331-002-1087E_S1-20151202-210608-825-0991E","jackchow1985","jackchow1985-FX","USDCZK","300000","25.498","25.497","-300","-11.76863","Wed Dec 02 2015 21:06:09 GMT+0800 (CST)","Wed Dec 02 2015 00:00:00 GMT+0800 (CST)","Prod.EB.S1"
"S1-20151202-210741-603-2355E_S1-20151202-212008-595-0053E","jackchow1985","jackchow1985-FX","EURCNH","300000","6.829","6.8243","-1410","-218.91181","Wed Dec 02 2015 21:20:09 GMT+0800 (CST)","Wed Dec 02 2015 00:00:00 GMT+0800 (CST)","Prod.EB.S1"
"S1-20151202-210909-392-1478E_S1-20151202-212008-595-0053E","jackchow1985","jackchow1985-FX","EURCNH","300000","6.82835","6.8243","-1215","-188.63677","Wed Dec 02 2015 21:20:09 GMT+0800 (CST)","Wed Dec 02 2015 00:00:00 GMT+0800 (CST)","Prod.EB.S1"
"S1-20151202-211956-682-1128E_S1-20151202-213859-952-1665E","jackchow1985","jackchow1985-FX","USDCAD","300000","1.33925","1.33895","-90","-67.21685","Wed Dec 02 2015 21:39:00 GMT+0800 (CST)","Wed Dec 02 2015 00:00:00 GMT+0800 (CST)","Prod.EB.S1"
"S1-20151202-211959-752-1581E_S1-20151202-213859-952-1665E","jackchow1985","jackchow1985-FX","USDCAD","300000","1.33925","1.33895","-90","-67.21685","Wed Dec 02 2015 21:39:00 GMT+0800 (CST)","Wed Dec 02 2015 00:00:00 GMT+0800 (CST)","Prod.EB.S1"
"S1-20151202-221250-718-2117E_S1-20151202-221809-078-1842E","jackchow1985","jackchow1985-FX","NZDCHF","300000","0.6829","0.6823","-180","-175.31045","Wed Dec 02 2015 22:18:09 GMT+0800 (CST)","Wed Dec 02 2015 00:00:00 GMT+0800 (CST)","Prod.EB.S1"
"S1-20151202-221253-570-1112E_S1-20151202-221809-078-1842E","jackchow1985","jackchow1985-FX","NZDCHF","300000","0.6829","0.6823","-180","-175.31045","Wed Dec 02 2015 22:18:09 GMT+0800 (CST)","Wed Dec 02 2015 00:00:00 GMT+0800 (CST)","Prod.EB.S1"
"S1-20151202-221811-867-1676E_S1-20151202-224555-716-0667E","jackchow1985","jackchow1985-FX","NZDCHF","300000","0.6829","0.6832","90","87.59977","Wed Dec 02 2015 22:45:56 GMT+0800 (CST)","Wed Dec 02 2015 00:00:00 GMT+0800 (CST)","Prod.EB.S1"
"S1-20151202-221813-549-1776E_S1-20151202-224555-716-0667E","jackchow1985","jackchow1985-FX","NZDCHF","300000","0.6829","0.6832","90","87.59977","Wed Dec 02 2015 22:45:56 GMT+0800 (CST)","Wed Dec 02 2015 00:00:00 GMT+0800 (CST)","Prod.EB.S1"
"S1-20151202-221825-301-0535E_S1-20151202-224555-716-0667E","jackchow1985","jackchow1985-FX","NZDCHF","300000","0.6828","0.6832","120","116.79969","Wed Dec 02 2015 22:45:56 GMT+0800 (CST)","Wed Dec 02 2015 00:00:00 GMT+0800 (CST)","Prod.EB.S1"
"S1-20151202-232617-442-0539E_S1-20151202-234643-731-1080E","jackchow1985","jackchow1985-FX","AUDJPY","300000","90.39","90.42","9000","72.90992","Wed Dec 02 2015 23:46:44 GMT+0800 (CST)","Wed Dec 02 2015 00:00:00 GMT+0800 (CST)","Prod.EB.S1"
"S1-20151202-232621-376-2304E_S1-20151202-234643-731-1080E","jackchow1985","jackchow1985-FX","AUDJPY","300000","90.39","90.42","9000","72.90992","Wed Dec 02 2015 23:46:44 GMT+0800 (CST)","Wed Dec 02 2015 00:00:00 GMT+0800 (CST)","Prod.EB.S1"
"S1-20151202-232627-550-1764E_S1-20151202-234643-731-1080E","jackchow1985","jackchow1985-FX","AUDJPY","300000","90.395","90.42","7500","60.75826","Wed Dec 02 2015 23:46:44 GMT+0800 (CST)","Wed Dec 02 2015 00:00:00 GMT+0800 (CST)","Prod.EB.S1"
"S1-20151203-092705-717-0012E_S1-20151203-135528-107-0909E","jackchow1985","jackchow1985-FX","NZDCHF","300000","0.6769","0.67905","645","631.98119","Thu Dec 03 2015 13:55:28 GMT+0800 (CST)","Thu Dec 03 2015 00:00:00 GMT+0800 (CST)","Prod.EB.S1"
"S1-20151203-092708-517-1153E_S1-20151203-135528-107-0909E","jackchow1985","jackchow1985-FX","NZDCHF","300000","0.6769","0.67905","645","631.98119","Thu Dec 03 2015 13:55:28 GMT+0800 (CST)","Thu Dec 03 2015 00:00:00 GMT+0800 (CST)","Prod.EB.S1"
"S1-20151203-092710-637-1859E_S1-20151203-135528-107-0909E","jackchow1985","jackchow1985-FX","NZDCHF","300000","0.6769","0.67905","645","631.98119","Thu Dec 03 2015 13:55:28 GMT+0800 (CST)","Thu Dec 03 2015 00:00:00 GMT+0800 (CST)","Prod.EB.S1"
"S1-20151203-092711-907-0377E_S1-20151203-135528-107-0909E","jackchow1985","jackchow1985-FX","NZDCHF","300000","0.6769","0.67905","645","631.98119","Thu Dec 03 2015 13:55:28 GMT+0800 (CST)","Thu Dec 03 2015 00:00:00 GMT+0800 (CST)","Prod.EB.S1"
"S1-20151203-135618-283-2208E_S1-20151203-141535-977-0762E","jackchow1985","jackchow1985-FX","AUDHKD","300000","5.67245","5.6657","-2025","-261.28358","Thu Dec 03 2015 14:15:36 GMT+0800 (CST)","Thu Dec 03 2015 00:00:00 GMT+0800 (CST)","Prod.EB.S1"
"S1-20151203-135621-332-1179E_S1-20151203-141535-977-0762E","jackchow1985","jackchow1985-FX","AUDHKD","300000","5.6725","5.6657","-2040","-263.21901","Thu Dec 03 2015 14:15:36 GMT+0800 (CST)","Thu Dec 03 2015 00:00:00 GMT+0800 (CST)","Prod.EB.S1"
"S1-20151203-142825-467-2390E_S1-20151203-145346-883-1286E","jackchow1985","jackchow1985-FX","USDCZK","300000","25.5385","25.5095","-8700","-341.04941","Thu Dec 03 2015 14:53:47 GMT+0800 (CST)","Thu Dec 03 2015 00:00:00 GMT+0800 (CST)","Prod.EB.S1"
"S1-20151203-142827-207-1050E_S1-20151203-145346-883-1286E","jackchow1985","jackchow1985-FX","USDCZK","300000","25.5385","25.5095","-8700","-341.04941","Thu Dec 03 2015 14:53:47 GMT+0800 (CST)","Thu Dec 03 2015 00:00:00 GMT+0800 (CST)","Prod.EB.S1"
"S1-20151203-142845-341-0544E_S1-20151203-164715-876-0826E","jackchow1985","jackchow1985-FX","USDCHF","300000","1.0211","1.0232","630","615.68532","Thu Dec 03 2015 16:47:16 GMT+0800 (CST)","Thu Dec 03 2015 00:00:00 GMT+0800 (CST)","Prod.EB.S1"
"S1-20151203-142847-011-2072E_S1-20151203-164715-876-0826E","jackchow1985","jackchow1985-FX","USDCHF","300000","1.0211","1.0232","630","615.68532","Thu Dec 03 2015 16:47:16 GMT+0800 (CST)","Thu Dec 03 2015 00:00:00 GMT+0800 (CST)","Prod.EB.S1"
"S1-20151203-165037-507-0201E_S1-20151203-171157-759-1300E","jackchow1985","jackchow1985-FX","AUDJPY","300000","90.48","90.43","-15000","-121.43782","Thu Dec 03 2015 17:11:58 GMT+0800 (CST)","Thu Dec 03 2015 00:00:00 GMT+0800 (CST)","Prod.EB.S1"
"S1-20151203-171212-452-1042E_S1-20151203-173026-354-0688E","jackchow1985","jackchow1985-FX","AUDJPY","300000","90.475","90.445","-9000","-72.8804","Thu Dec 03 2015 17:30:26 GMT+0800 (CST)","Thu Dec 03 2015 00:00:00 GMT+0800 (CST)","Prod.EB.S1"
"S1-20151203-171235-468-0303E_S1-20151203-173304-259-0150E","jackchow1985","jackchow1985-FX","USDCZK","300000","25.575","25.599","7200","281.1841","Thu Dec 03 2015 17:33:04 GMT+0800 (CST)","Thu Dec 03 2015 00:00:00 GMT+0800 (CST)","Prod.EB.S1"
"S1-20151203-171238-064-1821E_S1-20151203-173304-259-0150E","jackchow1985","jackchow1985-FX","USDCZK","300000","25.575","25.599","7200","281.1841","Thu Dec 03 2015 17:33:04 GMT+0800 (CST)","Thu Dec 03 2015 00:00:00 GMT+0800 (CST)","Prod.EB.S1"
"S1-20151203-171504-118-1536E_S1-20151203-171947-062-1761E","jackchow1985","jackchow1985-FX","EURCNH","300000","6.8099","6.81345","1065","165.19568","Thu Dec 03 2015 17:19:47 GMT+0800 (CST)","Thu Dec 03 2015 00:00:00 GMT+0800 (CST)","Prod.EB.S1"
"S1-20151203-171511-170-0962E_S1-20151203-171947-062-1761E","jackchow1985","jackchow1985-FX","EURCNH","300000","6.8099","6.8129","900","139.60198","Thu Dec 03 2015 17:19:47 GMT+0800 (CST)","Thu Dec 03 2015 00:00:00 GMT+0800 (CST)","Prod.EB.S1"
"S1-20151203-175758-782-0617E_S1-20151203-180718-742-1032E","jackchow1985","jackchow1985-FX","EURCNH","300000","6.8123","6.805","-2190","-339.61386","Thu Dec 03 2015 18:07:19 GMT+0800 (CST)","Thu Dec 03 2015 00:00:00 GMT+0800 (CST)","Prod.EB.S1"
"S1-20151203-175801-559-0793E_S1-20151203-180718-742-1032E","jackchow1985","jackchow1985-FX","EURCNH","300000","6.8119","6.805","-2070","-321.00488","Thu Dec 03 2015 18:07:19 GMT+0800 (CST)","Thu Dec 03 2015 00:00:00 GMT+0800 (CST)","Prod.EB.S1"
"S1-20151203-175809-977-1076E_S1-20151203-180718-742-1032E","jackchow1985","jackchow1985-FX","EURCNH","300000","6.8119","6.805","-2070","-321.00488","Thu Dec 03 2015 18:07:19 GMT+0800 (CST)","Thu Dec 03 2015 00:00:00 GMT+0800 (CST)","Prod.EB.S1"
"S1-20151203-180721-250-0626E_S1-20151203-183004-723-0845E","jackchow1985","jackchow1985-FX","EURCNH","300000","6.8096","6.805","-1380","-214.04807","Thu Dec 03 2015 18:30:05 GMT+0800 (CST)","Thu Dec 03 2015 00:00:00 GMT+0800 (CST)","Prod.EB.S1"
"S1-20151203-180727-456-0596E_S1-20151203-183004-723-0845E","jackchow1985","jackchow1985-FX","EURCNH","300000","6.8096","6.80455","-1515","-234.98755","Thu Dec 03 2015 18:30:05 GMT+0800 (CST)","Thu Dec 03 2015 00:00:00 GMT+0800 (CST)","Prod.EB.S1"
"S1-20151203-180730-255-0963E_S1-20151203-183004-723-0845E","jackchow1985","jackchow1985-FX","EURCNH","300000","6.8096","6.80465","-1485","-230.33433","Thu Dec 03 2015 18:30:05 GMT+0800 (CST)","Thu Dec 03 2015 00:00:00 GMT+0800 (CST)","Prod.EB.S1"
"S1-20151203-192154-960-1830E_S1-20151203-210622-980-1097E","jackchow1985","jackchow1985-FX","AUDCHF","300000","0.75055","0.7421","-2535","-2507.66644","Thu Dec 03 2015 21:06:23 GMT+0800 (CST)","Thu Dec 03 2015 00:00:00 GMT+0800 (CST)","Prod.EB.S1"
"S1-20151203-192205-350-2121E_S1-20151203-210622-980-1097E","jackchow1985","jackchow1985-FX","AUDCHF","300000","0.75065","0.7421","-2565","-2537.34296","Thu Dec 03 2015 21:06:23 GMT+0800 (CST)","Thu Dec 03 2015 00:00:00 GMT+0800 (CST)","Prod.EB.S1"
"S1-20151203-203320-962-0284E_S1-20151203-204446-014-0204E","jackchow1985","jackchow1985-FX","GBPCNH","300000","9.6411","9.6433","660","102.27801","Thu Dec 03 2015 20:44:46 GMT+0800 (CST)","Thu Dec 03 2015 00:00:00 GMT+0800 (CST)","Prod.EB.S1"
"S1-20151203-205435-799-1545E_S1-20151203-205559-314-0650E","jackchow1985","jackchow1985-FX","EURCNH","300000","6.8694","6.8806","3360","520.92619","Thu Dec 03 2015 20:55:59 GMT+0800 (CST)","Thu Dec 03 2015 00:00:00 GMT+0800 (CST)","Prod.EB.S1"
"S1-20151203-205443-979-1035E_S1-20151203-205559-314-0650E","jackchow1985","jackchow1985-FX","EURCNH","300000","6.8695","6.8806","3330","516.27507","Thu Dec 03 2015 20:55:59 GMT+0800 (CST)","Thu Dec 03 2015 00:00:00 GMT+0800 (CST)","Prod.EB.S1"
"S1-20151203-210139-266-1783E_S1-20151203-211435-076-1585E","jackchow1985","jackchow1985-FX","EURAUD","300000","1.45535","1.45495","-120","-88.014","Thu Dec 03 2015 21:14:35 GMT+0800 (CST)","Thu Dec 03 2015 00:00:00 GMT+0800 (CST)","Prod.EB.S1"
"S1-20151203-211445-571-0943E_S1-20151203-213330-052-0019E","jackchow1985","jackchow1985-FX","EURAUD","300000","1.46295","1.45535","-2280","-1671.354","Thu Dec 03 2015 21:33:30 GMT+0800 (CST)","Thu Dec 03 2015 00:00:00 GMT+0800 (CST)","Prod.EB.S1"
"S1-20151203-211447-822-1844E_S1-20151203-213330-052-0019E","jackchow1985","jackchow1985-FX","EURAUD","300000","1.46295","1.4553","-2295","-1682.34975","Thu Dec 03 2015 21:33:30 GMT+0800 (CST)","Thu Dec 03 2015 00:00:00 GMT+0800 (CST)","Prod.EB.S1"
"S1-20151203-211456-572-1860E_S1-20151203-213330-052-0019E","jackchow1985","jackchow1985-FX","EURAUD","300000","1.46295","1.45485","-2430","-1781.3115","Thu Dec 03 2015 21:33:30 GMT+0800 (CST)","Thu Dec 03 2015 00:00:00 GMT+0800 (CST)","Prod.EB.S1"
"S1-20151203-211510-922-2446E_S1-20151203-213330-052-0019E","jackchow1985","jackchow1985-FX","EURAUD","300000","1.46295","1.4551","-2355","-1726.33275","Thu Dec 03 2015 21:33:30 GMT+0800 (CST)","Thu Dec 03 2015 00:00:00 GMT+0800 (CST)","Prod.EB.S1"
"S1-20151203-211524-925-0701E_S1-20151203-213330-052-0019E","jackchow1985","jackchow1985-FX","EURAUD","300000","1.46295","1.4552","-2325","-1704.34125","Thu Dec 03 2015 21:33:30 GMT+0800 (CST)","Thu Dec 03 2015 00:00:00 GMT+0800 (CST)","Prod.EB.S1"
"S1-20151203-213349-959-1258E_S1-20151203-213524-877-0734E","jackchow1985","jackchow1985-FX","EURAUD","300000","1.4632","1.47405","3255","2385.75225","Thu Dec 03 2015 21:35:25 GMT+0800 (CST)","Thu Dec 03 2015 00:00:00 GMT+0800 (CST)","Prod.EB.S1"
"S1-20151203-213355-924-1633E_S1-20151203-213524-877-0734E","jackchow1985","jackchow1985-FX","EURAUD","300000","1.4632","1.47405","3255","2385.75225","Thu Dec 03 2015 21:35:25 GMT+0800 (CST)","Thu Dec 03 2015 00:00:00 GMT+0800 (CST)","Prod.EB.S1"
"S1-20151203-213355-924-1638E_S1-20151203-213524-877-0734E","jackchow1985","jackchow1985-FX","EURAUD","300000","1.4632","1.47405","3255","2385.75225","Thu Dec 03 2015 21:35:25 GMT+0800 (CST)","Thu Dec 03 2015 00:00:00 GMT+0800 (CST)","Prod.EB.S1"
"S1-20151203-213745-921-0059E_S1-20151203-214605-923-1813E","jackchow1985","jackchow1985-FX","EURUSD","300000","1.07925","1.08655","2190","2190","Thu Dec 03 2015 21:46:06 GMT+0800 (CST)","Thu Dec 03 2015 00:00:00 GMT+0800 (CST)","Prod.EB.S1"
"S1-20151203-214633-021-0751E_S1-20151203-215921-567-1256E","jackchow1985","jackchow1985-FX","EURUSD","300000","1.0827","1.08555","855","855","Thu Dec 03 2015 21:59:22 GMT+0800 (CST)","Thu Dec 03 2015 00:00:00 GMT+0800 (CST)","Prod.EB.S1"
"S1-20151203-214637-892-0137E_S1-20151203-215921-567-1256E","jackchow1985","jackchow1985-FX","EURUSD","300000","1.0827","1.08525","765","765","Thu Dec 03 2015 21:59:22 GMT+0800 (CST)","Thu Dec 03 2015 00:00:00 GMT+0800 (CST)","Prod.EB.S1"
"S1-20151203-214641-922-2450E_S1-20151203-215921-567-1256E","jackchow1985","jackchow1985-FX","EURUSD","300000","1.0827","1.0852","750","750","Thu Dec 03 2015 21:59:22 GMT+0800 (CST)","Thu Dec 03 2015 00:00:00 GMT+0800 (CST)","Prod.EB.S1"
"S1-20151203-214642-071-0519E_S1-20151203-215921-567-1256E","jackchow1985","jackchow1985-FX","EURUSD","300000","1.0827","1.0852","750","750","Thu Dec 03 2015 21:59:22 GMT+0800 (CST)","Thu Dec 03 2015 00:00:00 GMT+0800 (CST)","Prod.EB.S1"
"S1-20151203-214909-921-0989E_S1-20151203-215921-567-1256E","jackchow1985","jackchow1985-FX","EURUSD","300000","1.0827","1.08545","825","825","Thu Dec 03 2015 21:59:22 GMT+0800 (CST)","Thu Dec 03 2015 00:00:00 GMT+0800 (CST)","Prod.EB.S1"
"S1-20151203-215123-253-1357E_S1-20151203-215921-567-1256E","jackchow1985","jackchow1985-FX","EURUSD","300000","1.0827","1.0861","1020","1020","Thu Dec 03 2015 21:59:22 GMT+0800 (CST)","Thu Dec 03 2015 00:00:00 GMT+0800 (CST)","Prod.EB.S1"
"S1-20151203-215125-654-0101E_S1-20151203-215921-567-1256E","jackchow1985","jackchow1985-FX","EURUSD","300000","1.0827","1.08595","975","975","Thu Dec 03 2015 21:59:22 GMT+0800 (CST)","Thu Dec 03 2015 00:00:00 GMT+0800 (CST)","Prod.EB.S1"
"S1-20151203-215412-922-0947E_S1-20151203-215921-567-1256E","jackchow1985","jackchow1985-FX","EURUSD","300000","1.0827","1.08615","1035","1035","Thu Dec 03 2015 21:59:22 GMT+0800 (CST)","Thu Dec 03 2015 00:00:00 GMT+0800 (CST)","Prod.EB.S1"
"S1-20151203-215430-922-1340E_S1-20151203-215921-567-1256E","jackchow1985","jackchow1985-FX","EURUSD","300000","1.0827","1.0862","1050","1050","Thu Dec 03 2015 21:59:22 GMT+0800 (CST)","Thu Dec 03 2015 00:00:00 GMT+0800 (CST)","Prod.EB.S1"
"S1-20151203-215510-922-1412E_S1-20151203-215921-567-1256E","jackchow1985","jackchow1985-FX","EURUSD","300000","1.0827","1.0862","1050","1050","Thu Dec 03 2015 21:59:22 GMT+0800 (CST)","Thu Dec 03 2015 00:00:00 GMT+0800 (CST)","Prod.EB.S1"
